Gene,Chrom,Pos,SampleIndex,UMI,Read2Start,ReadCount,FamilySize,ConsensusSequence,MutationInfo,VariantType,WildTypeRatio,LowFreqSpontaneous,PCRFirstErrors,PCRLaterErrors
TP53,chr17,7675052,GCCCTCGG,AACTAT,7675052,2,2,CATCGCAATCTGAGCAGCGCTCTGGTGGGGGCAGCGCCTCAGAACCTCCG,None,family_specific,1.000,0,0,0
TP53,chr17,7675052,TAGTCTTG,TATATG,7675052,2,2,CATCGCTATCTGAGCAGCGCTCATGGTGGGGGCAGCGCCTCACAACCTCCGTCATGTGCTGTGACTGCTTGTAGATGGCCATGGCGCGG,None,family_specific,1.000,0,0,0
TP53,chr17,7675053,GAGATGGG,TCGGTC,7675053,4,4,ATCGCTATCTGAGCAGCGCTCATGGTGGGGGCAGCGCCTCACAACCTCCGTCATGTGCTGTGACTGCTGGTAGATGGCC,16:C->T(0.50,PCR_first_amplification_error);24:G->T(0.50,PCR_first_amplification_error);45:C->T(0.50,PCR_first_amplification_error);46:T->G(0.50,PCR_first_amplification_error),family_specific,0.975,0,4,0
TP53,chr17,7675053,GCCCTCGG,AGTGAG,7675053,2,2,ATCGCTATCTGAGCAGCGCTCATGGTGGGGGCAGCGCCTCACAACCTCCGTCATGTG,None,family_specific,1.000,0,0,0
TP53,chr17,7675054,GCCCTCGG,AATTGA,7675054,2,2,TCGCTATCTGAACAGCGCTCATGAGTGGGGGCAGCGCCTCACAACCTCCGTCATGTGCTGTGAGCTGCTTGTAGATGGCCATGGCGCGGACG,None,family_specific,1.000,0,0,0
TP53,chr17,7675055,GCCCTCGG,CCAATT,7675055,2,2,CGCTATCTGAGCAGCGCTCATGGTGGGGGCAGCGCCTCACAACCTCCGCTCATGTGCTGTGACTGCTTGTAGATGGCATGTCGCG,None,family_specific,1.000,0,0,0
TP53,chr17,7675055,TAGTCTTG,GCTACA,7675055,2,2,CGCTATCTGAGCAGCGCTCATGGTGGGGGCAGCGCCTCATAACCTCCGTCATG,None,family_specific,1.000,0,0,0
TP53,chr17,7675057,GCCCTCGG,CAGTGG,7675057,6,6,CTATCTGAGCAGCGCTCATGGTGGGGCAGCGCCTCACAACCTCCGTCATG,20:G->C(0.33,PCR_later_amplification_error);26:C->G(0.33,PCR_later_amplification_error);27:A->C(0.33,PCR_later_amplification_error);28:G->A(0.33,PCR_later_amplification_error);29:C->G(0.33,PCR_later_amplification_error);30:G->C(0.33,PCR_later_amplification_error);31:C->G(0.33,PCR_later_amplification_error);33:T->C(0.33,PCR_later_amplification_error);34:C->T(0.33,PCR_later_amplification_error);35:A->C(0.33,PCR_later_amplification_error);36:C->A(0.33,PCR_later_amplification_error);37:A->C(0.33,PCR_later_amplification_error);39:C->A(0.33,PCR_later_amplification_error);41:T->C(0.33,PCR_later_amplification_error);42:C->T(0.33,PCR_later_amplification_error);44:G->C(0.33,PCR_later_amplification_error);45:T->G(0.33,PCR_later_amplification_error);46:C->T(0.33,PCR_later_amplification_error);47:A->C(0.33,PCR_later_amplification_error);48:T->A(0.33,PCR_later_amplification_error);49:G->T(0.33,PCR_later_amplification_error),family_specific,0.860,0,0,21
TP53,chr17,7675058,GAGATGGG,AATCAG,7675058,2,2,TAACTGAGCAGCGCTCATGGTGGGGGCAGCGCCTCACAACCTCCGTCATGTGCTGTGACTGCTTGTAGATGGCCATGGCGCGGACGCG,None,family_specific,1.000,0,0,0
TP53,chr17,7675059,TAGTCTTG,TCACAT,7675059,2,2,ATCTGAGCAGCGCTCATGGTGGGGGCAGCGCCTCACAACCTCCGTCATGTGCTGTGACGCTTGTAGATGGCATGG,None,family_specific,1.000,0,0,0
TP53,chr17,7675059,TAGTCTTG,TACGAT,7675059,4,4,ATCTGAGCAGCGCTCATGGTGGGGGCAGCGCCTCCACAACCTCCGTCAGGTGCTGTGACAGCTTGTAGATGGCCATGGGCG,23:G->T(0.50,PCR_first_amplification_error);34:C->A(0.50,PCR_first_amplification_error);35:A->C(0.50,PCR_first_amplification_error);36:C->A(0.50,PCR_first_amplification_error);38:A->C(0.50,PCR_first_amplification_error);40:C->T(0.50,PCR_first_amplification_error);41:T->C(0.50,PCR_first_amplification_error);43:C->G(0.50,PCR_first_amplification_error);44:G->T(0.50,PCR_first_amplification_error);45:T->C(0.50,PCR_first_amplification_error);46:C->A(0.50,PCR_first_amplification_error);47:A->T(0.50,PCR_first_amplification_error);49:G->T(0.50,PCR_first_amplification_error);50:T->G(0.50,PCR_first_amplification_error);51:G->C(0.50,PCR_first_amplification_error);52:C->T(0.50,PCR_first_amplification_error);53:T->G(0.50,PCR_first_amplification_error);54:G->T(0.50,PCR_first_amplification_error);55:T->G(0.50,PCR_first_amplification_error);56:G->A(0.50,PCR_first_amplification_error);57:A->C(0.50,PCR_first_amplification_error);58:C->T(0.50,PCR_first_amplification_error);59:A->G(0.50,PCR_first_amplification_error);60:G->C(0.50,PCR_first_amplification_error);61:C->T(0.50,PCR_first_amplification_error),family_specific,0.846,0,25,0
TP53,chr17,7675060,TAGTCTTG,CGGACT,7675060,8,8,TCTGAGCAGCGCTCATGGTGGGGGCAGCGCCTCACAACCTCCGTCATGTGCTGTGACTGCTTGTAGATGCCCATGGCGCGGACGCGG,5:G->T(0.25,PCR_later_amplification_error);14:A->G(0.25,PCR_later_amplification_error);20:G->C(0.25,PCR_later_amplification_error);44:C->A(0.25,PCR_later_amplification_error);56:C->G(0.25,PCR_later_amplification_error);57:T->C(0.25,PCR_later_amplification_error);58:G->T(0.25,PCR_later_amplification_error);59:C->G(0.25,PCR_later_amplification_error);60:T->C(0.25,PCR_later_amplification_error);62:G->A(0.25,PCR_later_amplification_error);62:G->T(0.25,PCR_later_amplification_error);63:T->G(0.25,PCR_later_amplification_error);64:A->T(0.25,PCR_later_amplification_error);65:G->A(0.25,PCR_later_amplification_error);66:A->G(0.25,PCR_later_amplification_error);67:T->G(0.33,PCR_later_amplification_error);69:C->G(0.33,PCR_later_amplification_error);69:C->A(0.33,PCR_later_amplification_error);71:C->A(0.33,PCR_later_amplification_error);72:A->T(0.33,PCR_later_amplification_error);73:T->G(0.33,PCR_later_amplification_error);75:G->C(0.33,PCR_later_amplification_error);76:C->G(0.33,PCR_later_amplification_error);77:G->C(0.33,PCR_later_amplification_error);78:C->G(0.33,PCR_later_amplification_error);80:G->A(0.33,PCR_later_amplification_error);81:A->C(0.33,PCR_later_amplification_error);82:C->G(0.33,PCR_later_amplification_error);83:G->C(0.33,PCR_later_amplification_error);84:C->G(0.33,PCR_later_amplification_error),family_specific,0.899,0,0,30
TP53,chr17,7675060,GAGATGGG,ATGTTT,7675060,2,2,TCTGAGCACGCTCATGGTGGGGGCAGCGCCTCAAAAGCTCCGTCATGTGCTGTGACTGCTAGTAGATGGCCATCGCGCGGACGC,None,family_specific,1.000,0,0,0
TP53,chr17,7675060,GAGATGGG,TTAGTC,7675060,2,2,TCCGAGCAGCGCTCATCGTGGGGGGCAGCGTCTCACAACCTCCGTCATGTGCTGTGACTGCTGATAGATGGCCATTGCGCGGACGC,None,family_specific,1.000,0,0,0
TP53,chr17,7675061,GAGATGGG,TACCAC,7675061,8,8,CTGAGCAGCGCTCATGGTGGGGGGCAGCGCCTCACAACCTCCGTCATGGCTGTGACTGCTTGTAGATGGCCAATGGCGCGGACGCGGG,5:C->G(0.25,PCR_later_amplification_error);6:A->C(0.25,PCR_later_amplification_error);7:G->A(0.25,PCR_later_amplification_error);8:C->G(0.25,PCR_later_amplification_error);9:G->C(0.25,PCR_later_amplification_error);10:C->G(0.25,PCR_later_amplification_error);11:T->C(0.25,PCR_later_amplification_error);12:C->T(0.25,PCR_later_amplification_error);13:A->C(0.25,PCR_later_amplification_error);14:T->A(0.25,PCR_later_amplification_error);15:G->T(0.25,PCR_later_amplification_error);17:T->G(0.25,PCR_later_amplification_error);18:G->T(0.25,PCR_later_amplification_error);22:G->T(0.25,PCR_later_amplification_error);23:G->C(0.50,PCR_first_amplification_error);24:C->A(0.50,PCR_first_amplification_error);25:A->G(0.50,PCR_first_amplification_error);26:G->C(0.50,PCR_first_amplification_error);27:C->G(0.50,PCR_first_amplification_error);28:G->C(0.50,PCR_first_amplification_error);30:C->T(0.50,PCR_first_amplification_error);31:T->C(0.50,PCR_first_amplification_error);32:C->A(0.50,PCR_first_amplification_error);33:A->C(0.50,PCR_first_amplification_error);34:C->A(0.50,PCR_first_amplification_error);36:A->C(0.50,PCR_first_amplification_error);38:C->T(0.50,PCR_first_amplification_error);39:T->C(0.25,PCR_later_amplification_error);39:T->G(0.25,PCR_later_amplification_error);41:C->G(0.50,PCR_first_amplification_error);42:G->T(0.50,PCR_first_amplification_error);43:T->C(0.50,PCR_first_amplification_error);44:C->A(0.50,PCR_first_amplification_error);45:A->T(0.50,PCR_first_amplification_error);46:T->G(0.50,PCR_first_amplification_error);47:G->T(0.50,PCR_first_amplification_error);48:G->T(0.25,PCR_later_amplification_error);49:C->G(0.25,PCR_later_amplification_error);50:T->C(0.25,PCR_later_amplification_error);51:G->T(0.25,PCR_later_amplification_error);52:T->G(0.25,PCR_later_amplification_error);53:G->T(0.25,PCR_later_amplification_error);54:A->G(0.25,PCR_later_amplification_error);55:C->A(0.25,PCR_later_amplification_error);56:T->C(0.25,PCR_later_amplification_error);57:G->T(0.25,PCR_later_amplification_error);58:C->G(0.25,PCR_later_amplification_error);59:T->C(0.25,PCR_later_amplification_error);60:T->C(0.25,PCR_later_amplification_error);61:G->T(0.50,PCR_first_amplification_error);62:T->G(0.50,PCR_first_amplification_error);63:A->T(0.50,PCR_first_amplification_error);64:G->A(0.50,PCR_first_amplification_error);65:A->G(0.25,PCR_later_amplification_error);66:T->A(0.50,PCR_first_amplification_error);67:G->T(0.50,PCR_first_amplification_error);69:C->G(0.50,PCR_first_amplification_error);71:A->C(0.50,PCR_first_amplification_error);72:A->C(0.25,PCR_later_amplification_error);72:A->T(0.25,PCR_later_amplification_error);73:T->G(0.25,PCR_later_amplification_error);75:G->C(0.25,PCR_later_amplification_error);76:C->G(0.25,PCR_later_amplification_error);77:G->C(0.25,PCR_later_amplification_error);78:C->T(0.25,PCR_later_amplification_error);78:C->G(0.25,PCR_later_amplification_error);79:G->C(0.25,PCR_later_amplification_error);80:G->A(0.25,PCR_later_amplification_error);81:A->G(0.25,PCR_later_amplification_error);81:A->C(0.25,PCR_later_amplification_error);82:C->A(0.25,PCR_later_amplification_error);82:C->G(0.25,PCR_later_amplification_error);83:G->C(0.33,PCR_later_amplification_error);84:C->G(0.33,PCR_later_amplification_error);85:G->C(0.50,PCR_first_amplification_error),family_specific,0.703,0,29,46
TP53,chr17,7675061,GCCCTCGG,AGCACT,7675061,2,2,CTGAGCAGCGCTCATGGTGGGGGCAGCGACTCACAACCTCCGTCATGTGCTGTGACT,None,family_specific,1.000,0,0,0
TP53,chr17,7675061,GCCCTCGG,GTGTGC,7675061,2,2,CTGAGCAGCGCTCACGGTGGGGGCAGCGCCTCACAACCTCCGTCATGTGCTGTGACTGC,None,family_specific,1.000,0,0,0
TP53,chr17,7675065,TAGTCTTG,GGTACA,7675065,6,6,GCAGCGCTCATGGTGGGGGCAGCGCTCACAACCTCCGTCATGTGCTTGGAC,12:G->T(0.33,PCR_later_amplification_error);13:T->G(0.33,PCR_later_amplification_error);15:G->A(0.33,PCR_later_amplification_error);18:G->C(0.33,PCR_later_amplification_error);19:C->A(0.33,PCR_later_amplification_error);20:A->G(0.33,PCR_later_amplification_error);21:G->C(0.33,PCR_later_amplification_error);22:C->G(0.33,PCR_later_amplification_error);23:G->C(0.33,PCR_later_amplification_error);25:T->C(0.33,PCR_later_amplification_error);26:C->T(0.33,PCR_later_amplification_error);27:A->C(0.33,PCR_later_amplification_error);28:C->A(0.33,PCR_later_amplification_error);29:A->C(0.33,PCR_later_amplification_error);31:C->A(0.33,PCR_later_amplification_error);33:T->C(0.33,PCR_later_amplification_error);34:C->T(0.33,PCR_later_amplification_error);36:G->C(0.33,PCR_later_amplification_error);37:T->G(0.33,PCR_later_amplification_error);38:C->T(0.33,PCR_later_amplification_error);39:A->C(0.33,PCR_later_amplification_error);40:T->A(0.33,PCR_later_amplification_error);41:G->T(0.33,PCR_later_amplification_error);42:T->G(0.33,PCR_later_amplification_error);43:G->T(0.33,PCR_later_amplification_error);44:C->G(0.33,PCR_later_amplification_error);45:T->C(0.33,PCR_later_amplification_error);46:T->G(0.33,PCR_later_amplification_error);47:G->T(0.33,PCR_later_amplification_error);48:G->T(0.33,PCR_later_amplification_error);48:G->A(0.33,PCR_later_amplification_error);49:A->G(0.33,PCR_later_amplification_error);49:A->C(0.33,PCR_later_amplification_error);50:C->A(0.33,PCR_later_amplification_error);50:C->T(0.33,PCR_later_amplification_error),family_specific,0.771,0,0,35
TP53,chr17,7675066,GCCCTCGG,CCCGGC,7675066,2,2,CAGCGCTCATGGTGGGGGCAGCGCCTCACAACCTCCGTCATGTGCTGCGACTGCTTGTAGATGGGCATGGC,None,family_specific,1.000,0,0,0
TP53,chr17,7675067,GAGATGGG,ATACGA,7675067,2,2,AGCGCTCATGGTGGGGGCAGCGCCTCACAACCTCCGTCATGTGCTGTGACTGCTTGTAGATAGCCATGGCACGGACGCGGGTGCCG,None,family_specific,1.000,0,0,0
TP53,chr17,7675069,GTAGCTTG,TGGGGT,7675069,2,2,CGCTCATGGTGGGGGCAGCGCCTCACAACCTCCGTCATGTGCTGTGACTGCTTGTAGATGGCCATGGCGGGG,None,family_specific,1.000,0,0,0
TP53,chr17,7675069,GCCCTCGG,AGAGCC,7675069,6,6,CGCTCATGGTGGGGGCAGCGCCTCACAACCTCCGTTATGTGCTGTGACTGCTTGTAGATG,35:T->G(0.33,PCR_later_amplification_error);35:T->C(0.33,PCR_later_amplification_error);47:C->A(0.33,PCR_later_amplification_error);49:G->C(0.33,PCR_later_amplification_error);50:C->G(0.33,PCR_later_amplification_error);51:T->C(0.33,PCR_later_amplification_error);53:G->T(0.33,PCR_later_amplification_error),family_specific,0.961,0,0,7
TP53,chr17,7675070,TAGTCTTG,CATCAA,7675070,2,2,GCTCATGGTGGGGGCAGCGCCTCAAAACCTCCGTCATGTGCTGTGACTGCTTGTAGATGGCCATGGC,None,family_specific,1.000,0,0,0
TP53,chr17,7675071,GTGAATCG,TCGGTG,7675071,2,2,CTCATGGTGGGGGCAGCGCCTCACAGCCTCCGTCATGTGCTGTGACTGCTTGTAGATGGCCAT,None,family_specific,1.000,0,0,0
TP53,chr17,7675071,GAGATGGG,GTAAAT,7675071,2,2,CTCATGGTGGGGGCAGCGCCTCACAACCTCCGTCATGTGCTGTGAATGCTTGTAGATGGCCATGG,None,family_specific,1.000,0,0,0
TP53,chr17,7675072,GTAGCTTG,AGCAAT,7675072,2,2,TCAGGGTGGGGGCAGCGCCTCACAACCTCCGTGATGTGCTGTGACTGCTTGTAGATGGCCATGGCGCGGACGCGGGTGCCGGGCGGGGGTGTGGA,None,family_specific,1.000,0,0,0
TP53,chr17,7675073,GTAGCTTG,CCTGGC,7675073,2,2,CATGGTGGGGGCAGCGCCTCACAACCTCCGTCATGTTCTGTGACTGCTTGTAGATGGCCATGGCGCGGACGCGGG,None,family_specific,1.000,0,0,0
TP53,chr17,7675073,GAGATGGG,GTCAGC,7675073,2,2,CATGGTTGGGGCAGCGCCTCACAACCTCCGTCATGTGCTGTGACTGCTTGTAGATGGCCCAT,None,family_specific,1.000,0,0,0
TP53,chr17,7675073,GCCCTCGG,CCTGAG,7675073,1820,1820,CATGGTGGGGGCAGCGCCTCACAACCTCCGTCATGTGCTGTGACTGCTTGTAGATGGCCATGGCGCGGACGCGGGTGCCGGGCGGGGGTGT,0:C->A(0.00,low_frequency_spontaneous_mutation);0:C->T(0.00,low_frequency_spontaneous_mutation);0:C->G(0.00,low_frequency_spontaneous_mutation);1:A->C(0.00,low_frequency_spontaneous_mutation);1:A->T(0.01,low_frequency_spontaneous_mutation);1:A->G(0.00,low_frequency_spontaneous_mutation);2:T->G(0.01,low_frequency_spontaneous_mutation);2:T->A(0.00,low_frequency_spontaneous_mutation);2:T->C(0.00,low_frequency_spontaneous_mutation);3:G->T(0.01,low_frequency_spontaneous_mutation);3:G->C(0.00,low_frequency_spontaneous_mutation);3:G->A(0.00,low_frequency_spontaneous_mutation);4:G->T(0.01,low_frequency_spontaneous_mutation);4:G->A(0.01,low_frequency_spontaneous_mutation);4:G->C(0.01,low_frequency_spontaneous_mutation);5:T->G(0.02,low_frequency_spontaneous_mutation);5:T->C(0.01,low_frequency_spontaneous_mutation);5:T->A(0.00,low_frequency_spontaneous_mutation);6:G->T(0.01,low_frequency_spontaneous_mutation);6:G->A(0.01,low_frequency_spontaneous_mutation);6:G->C(0.01,low_frequency_spontaneous_mutation);7:G->A(0.01,low_frequency_spontaneous_mutation);7:G->T(0.01,low_frequency_spontaneous_mutation);7:G->C(0.00,low_frequency_spontaneous_mutation);8:G->C(0.01,low_frequency_spontaneous_mutation);8:G->T(0.00,low_frequency_spontaneous_mutation);8:G->A(0.01,low_frequency_spontaneous_mutation);9:G->C(0.01,low_frequency_spontaneous_mutation);9:G->A(0.00,low_frequency_spontaneous_mutation);9:G->T(0.01,low_frequency_spontaneous_mutation);10:G->C(0.03,low_frequency_spontaneous_mutation);10:G->A(0.00,low_frequency_spontaneous_mutation);10:G->T(0.01,low_frequency_spontaneous_mutation);11:C->T(0.00,low_frequency_spontaneous_mutation);11:C->G(0.02,low_frequency_spontaneous_mutation);11:C->A(0.03,low_frequency_spontaneous_mutation);12:A->G(0.03,low_frequency_spontaneous_mutation);12:A->C(0.02,low_frequency_spontaneous_mutation);12:A->T(0.00,low_frequency_spontaneous_mutation);13:G->C(0.03,low_frequency_spontaneous_mutation);13:G->A(0.02,low_frequency_spontaneous_mutation);13:G->T(0.00,low_frequency_spontaneous_mutation);14:C->G(0.06,low_frequency_spontaneous_mutation);14:C->A(0.01,low_frequency_spontaneous_mutation);14:C->T(0.01,low_frequency_spontaneous_mutation);15:G->C(0.06,low_frequency_spontaneous_mutation);15:G->A(0.02,low_frequency_spontaneous_mutation);15:G->T(0.01,low_frequency_spontaneous_mutation);16:C->G(0.03,low_frequency_spontaneous_mutation);16:C->A(0.01,low_frequency_spontaneous_mutation);16:C->T(0.00,low_frequency_spontaneous_mutation);17:C->T(0.04,low_frequency_spontaneous_mutation);17:C->A(0.01,low_frequency_spontaneous_mutation);17:C->G(0.01,low_frequency_spontaneous_mutation);18:T->C(0.08,low_frequency_spontaneous_mutation);18:T->G(0.00,low_frequency_spontaneous_mutation);18:T->A(0.00,low_frequency_spontaneous_mutation);19:C->A(0.05,low_frequency_spontaneous_mutation);19:C->T(0.04,low_frequency_spontaneous_mutation);19:C->G(0.01,low_frequency_spontaneous_mutation);20:A->C(0.09,low_frequency_spontaneous_mutation);20:A->T(0.01,low_frequency_spontaneous_mutation);20:A->G(0.00,low_frequency_spontaneous_mutation);21:C->A(0.10,low_frequency_spontaneous_mutation);21:C->G(0.00,low_frequency_spontaneous_mutation);21:C->T(0.00,low_frequency_spontaneous_mutation);22:A->C(0.05,low_frequency_spontaneous_mutation);22:A->T(0.01,low_frequency_spontaneous_mutation);22:A->G(0.00,low_frequency_spontaneous_mutation);23:A->C(0.06,low_frequency_spontaneous_mutation);23:A->G(0.00,low_frequency_spontaneous_mutation);23:A->T(0.01,low_frequency_spontaneous_mutation);24:C->A(0.05,low_frequency_spontaneous_mutation);24:C->T(0.01,low_frequency_spontaneous_mutation);24:C->G(0.01,low_frequency_spontaneous_mutation);25:C->T(0.06,low_frequency_spontaneous_mutation);25:C->A(0.01,low_frequency_spontaneous_mutation);25:C->G(0.00,low_frequency_spontaneous_mutation);26:T->C(0.12,PCR_later_amplification_error);26:T->A(0.01,low_frequency_spontaneous_mutation);26:T->G(0.00,low_frequency_spontaneous_mutation);27:C->T(0.05,low_frequency_spontaneous_mutation);27:C->G(0.01,low_frequency_spontaneous_mutation);27:C->A(0.01,low_frequency_spontaneous_mutation);28:C->G(0.06,low_frequency_spontaneous_mutation);28:C->T(0.01,low_frequency_spontaneous_mutation);28:C->A(0.01,low_frequency_spontaneous_mutation);29:G->T(0.06,low_frequency_spontaneous_mutation);29:G->C(0.07,low_frequency_spontaneous_mutation);29:G->A(0.01,low_frequency_spontaneous_mutation);30:T->C(0.07,low_frequency_spontaneous_mutation);30:T->G(0.07,low_frequency_spontaneous_mutation);30:T->A(0.01,low_frequency_spontaneous_mutation);31:C->A(0.07,low_frequency_spontaneous_mutation);31:C->T(0.07,low_frequency_spontaneous_mutation);31:C->G(0.00,low_frequency_spontaneous_mutation);32:A->T(0.08,low_frequency_spontaneous_mutation);32:A->C(0.07,low_frequency_spontaneous_mutation);32:A->G(0.01,low_frequency_spontaneous_mutation);33:T->G(0.08,low_frequency_spontaneous_mutation);33:T->A(0.07,low_frequency_spontaneous_mutation);33:T->C(0.00,low_frequency_spontaneous_mutation);34:G->T(0.15,PCR_later_amplification_error);34:G->C(0.00,low_frequency_spontaneous_mutation);34:G->A(0.01,low_frequency_spontaneous_mutation);35:T->G(0.16,PCR_later_amplification_error);35:T->A(0.01,low_frequency_spontaneous_mutation);35:T->C(0.01,low_frequency_spontaneous_mutation);36:G->C(0.09,low_frequency_spontaneous_mutation);36:G->T(0.08,low_frequency_spontaneous_mutation);36:G->A(0.01,low_frequency_spontaneous_mutation);37:C->A(0.01,low_frequency_spontaneous_mutation);37:C->T(0.09,low_frequency_spontaneous_mutation);37:C->G(0.08,low_frequency_spontaneous_mutation);38:T->G(0.10,low_frequency_spontaneous_mutation);38:T->C(0.09,low_frequency_spontaneous_mutation);38:T->A(0.01,low_frequency_spontaneous_mutation);39:G->T(0.17,PCR_later_amplification_error);39:G->C(0.01,low_frequency_spontaneous_mutation);39:G->A(0.01,low_frequency_spontaneous_mutation);40:T->G(0.18,PCR_later_amplification_error);40:T->A(0.01,low_frequency_spontaneous_mutation);40:T->C(0.01,low_frequency_spontaneous_mutation);41:G->A(0.09,low_frequency_spontaneous_mutation);41:G->T(0.10,low_frequency_spontaneous_mutation);41:G->C(0.01,low_frequency_spontaneous_mutation);42:A->C(0.09,low_frequency_spontaneous_mutation);42:A->G(0.09,low_frequency_spontaneous_mutation);42:A->T(0.01,low_frequency_spontaneous_mutation);43:C->A(0.10,low_frequency_spontaneous_mutation);43:C->T(0.10,low_frequency_spontaneous_mutation);43:C->G(0.01,low_frequency_spontaneous_mutation);44:T->C(0.10,PCR_later_amplification_error);44:T->G(0.11,PCR_later_amplification_error);44:T->A(0.01,low_frequency_spontaneous_mutation);45:G->T(0.10,PCR_later_amplification_error);45:G->C(0.11,PCR_later_amplification_error);45:G->A(0.01,low_frequency_spontaneous_mutation);46:C->G(0.10,PCR_later_amplification_error);46:C->T(0.12,PCR_later_amplification_error);46:C->A(0.01,low_frequency_spontaneous_mutation);47:T->C(0.10,PCR_later_amplification_error);47:T->G(0.01,low_frequency_spontaneous_mutation);47:T->A(0.00,low_frequency_spontaneous_mutation);48:T->G(0.11,PCR_later_amplification_error);48:T->C(0.01,low_frequency_spontaneous_mutation);48:T->A(0.00,low_frequency_spontaneous_mutation);49:G->T(0.22,PCR_later_amplification_error);49:G->C(0.00,low_frequency_spontaneous_mutation);49:G->A(0.01,low_frequency_spontaneous_mutation);50:T->G(0.11,PCR_later_amplification_error);50:T->A(0.12,PCR_later_amplification_error);50:T->C(0.01,low_frequency_spontaneous_mutation);51:A->T(0.11,PCR_later_amplification_error);51:A->G(0.12,PCR_later_amplification_error);51:A->C(0.00,low_frequency_spontaneous_mutation);52:G->A(0.23,PCR_later_amplification_error);52:G->T(0.01,low_frequency_spontaneous_mutation);52:G->C(0.00,low_frequency_spontaneous_mutation);53:A->C(0.01,low_frequency_spontaneous_mutation);53:A->T(0.12,PCR_later_amplification_error);53:A->G(0.13,PCR_later_amplification_error);54:T->G(0.13,PCR_later_amplification_error);54:T->A(0.12,PCR_later_amplification_error);54:T->C(0.00,low_frequency_spontaneous_mutation);55:G->A(0.01,low_frequency_spontaneous_mutation);55:G->T(0.13,PCR_later_amplification_error);55:G->C(0.01,low_frequency_spontaneous_mutation);56:G->T(0.01,low_frequency_spontaneous_mutation);56:G->C(0.12,PCR_later_amplification_error);56:G->A(0.01,low_frequency_spontaneous_mutation);57:C->G(0.13,PCR_later_amplification_error);57:C->A(0.01,low_frequency_spontaneous_mutation);57:C->T(0.00,low_frequency_spontaneous_mutation);58:C->G(0.02,low_frequency_spontaneous_mutation);58:C->A(0.13,PCR_later_amplification_error);58:C->T(0.01,low_frequency_spontaneous_mutation);59:A->C(0.14,PCR_later_amplification_error);59:A->T(0.13,PCR_later_amplification_error);59:A->G(0.01,low_frequency_spontaneous_mutation);60:T->C(0.02,low_frequency_spontaneous_mutation);60:T->G(0.14,PCR_later_amplification_error);60:T->A(0.13,PCR_later_amplification_error);61:G->A(0.02,low_frequency_spontaneous_mutation);61:G->T(0.14,PCR_later_amplification_error);61:G->C(0.01,low_frequency_spontaneous_mutation);62:G->T(0.02,low_frequency_spontaneous_mutation);62:G->C(0.14,PCR_later_amplification_error);62:G->A(0.00,low_frequency_spontaneous_mutation);63:C->G(0.28,PCR_later_amplification_error);63:C->A(0.01,low_frequency_spontaneous_mutation);63:C->T(0.00,low_frequency_spontaneous_mutation);64:G->C(0.27,PCR_later_amplification_error);64:G->T(0.00,low_frequency_spontaneous_mutation);64:G->A(0.01,low_frequency_spontaneous_mutation);65:C->G(0.28,PCR_later_amplification_error);65:C->A(0.00,low_frequency_spontaneous_mutation);65:C->T(0.00,low_frequency_spontaneous_mutation);66:G->C(0.13,PCR_later_amplification_error);66:G->A(0.02,low_frequency_spontaneous_mutation);66:G->T(0.01,low_frequency_spontaneous_mutation);67:G->C(0.02,low_frequency_spontaneous_mutation);67:G->A(0.14,PCR_later_amplification_error);67:G->T(0.01,low_frequency_spontaneous_mutation);68:A->G(0.16,PCR_later_amplification_error);68:A->C(0.14,PCR_later_amplification_error);68:A->T(0.00,low_frequency_spontaneous_mutation);69:C->G(0.16,PCR_later_amplification_error);69:C->A(0.15,PCR_later_amplification_error);69:C->T(0.00,low_frequency_spontaneous_mutation);70:G->A(0.02,low_frequency_spontaneous_mutation);70:G->C(0.29,PCR_later_amplification_error);70:G->T(0.00,low_frequency_spontaneous_mutation);71:C->G(0.29,PCR_later_amplification_error);71:C->A(0.01,low_frequency_spontaneous_mutation);71:C->T(0.01,low_frequency_spontaneous_mutation);72:G->C(0.15,PCR_later_amplification_error);72:G->T(0.00,low_frequency_spontaneous_mutation);72:G->A(0.01,low_frequency_spontaneous_mutation);73:G->C(0.02,low_frequency_spontaneous_mutation);73:G->T(0.01,low_frequency_spontaneous_mutation);74:G->T(0.15,PCR_later_amplification_error);74:G->C(0.01,low_frequency_spontaneous_mutation);75:T->G(0.31,PCR_later_amplification_error);75:T->C(0.02,low_frequency_spontaneous_mutation);76:G->C(0.15,PCR_later_amplification_error);76:G->T(0.17,PCR_later_amplification_error);76:G->A(0.00,low_frequency_spontaneous_mutation);77:C->T(0.02,low_frequency_spontaneous_mutation);77:C->G(0.17,PCR_later_amplification_error);77:C->A(0.00,low_frequency_spontaneous_mutation);78:C->G(0.16,PCR_later_amplification_error);78:C->T(0.01,low_frequency_spontaneous_mutation);78:C->A(0.00,low_frequency_spontaneous_mutation);79:G->C(0.15,PCR_later_amplification_error);79:G->A(0.01,low_frequency_spontaneous_mutation);79:G->T(0.01,low_frequency_spontaneous_mutation);80:G->C(0.02,low_frequency_spontaneous_mutation);80:G->T(0.00,low_frequency_spontaneous_mutation);81:G->C(0.13,PCR_later_amplification_error);81:G->T(0.02,low_frequency_spontaneous_mutation);81:G->A(0.00,low_frequency_spontaneous_mutation);82:C->G(0.33,PCR_later_amplification_error);82:C->T(0.02,low_frequency_spontaneous_mutation);82:C->A(0.00,low_frequency_spontaneous_mutation);83:G->T(0.01,low_frequency_spontaneous_mutation);83:G->C(0.17,PCR_later_amplification_error);83:G->A(0.00,low_frequency_spontaneous_mutation);84:G->C(0.01,low_frequency_spontaneous_mutation);84:G->A(0.01,low_frequency_spontaneous_mutation);84:G->T(0.00,low_frequency_spontaneous_mutation);85:G->T(0.01,low_frequency_spontaneous_mutation);85:G->A(0.00,low_frequency_spontaneous_mutation);85:G->C(0.00,low_frequency_spontaneous_mutation);86:G->A(0.02,low_frequency_spontaneous_mutation);86:G->T(0.02,low_frequency_spontaneous_mutation);86:G->C(0.00,low_frequency_spontaneous_mutation);87:G->A(0.01,low_frequency_spontaneous_mutation);87:G->T(0.14,PCR_later_amplification_error);87:G->C(0.00,low_frequency_spontaneous_mutation);88:T->G(0.32,PCR_later_amplification_error);89:G->T(0.31,PCR_later_amplification_error);89:G->C(0.01,low_frequency_spontaneous_mutation);90:T->G(0.32,PCR_later_amplification_error);90:T->A(0.01,low_frequency_spontaneous_mutation);90:T->C(0.01,low_frequency_spontaneous_mutation),family_specific,0.847,207,0,59
TP53,chr17,7675074,TAGTCTTG,AGGTGA,7675074,6,6,ATGGTGGGGGCAGCGCCTCACAACCTCCGTCATGTGCTGTGACTGCTTGTAGATGGCCATGGCGGGGA,48:G->T(0.33,PCR_later_amplification_error);55:G->C(0.33,PCR_later_amplification_error);57:C->A(0.33,PCR_later_amplification_error);58:A->T(0.33,PCR_later_amplification_error);59:T->G(0.33,PCR_later_amplification_error);61:G->C(0.33,PCR_later_amplification_error);62:C->G(0.33,PCR_later_amplification_error);63:G->C(0.33,PCR_later_amplification_error);64:G->C(0.33,PCR_later_amplification_error);66:G->A(0.33,PCR_later_amplification_error);67:A->C(0.33,PCR_later_amplification_error),family_specific,0.946,0,0,11
TP53,chr17,7675074,GCCCTCGG,CCTGAG,7675074,8,8,CAATGGTGGGGGCCGCGCCTCACAACCTCCGTCATGTTCTGTGACTGTTTGAATTGGGCTGGGGCGGACGC,0:C->A(0.25,PCR_later_amplification_error);1:A->T(0.25,PCR_later_amplification_error);1:A->G(0.25,PCR_later_amplification_error);2:A->G(0.25,PCR_later_amplification_error);3:T->G(0.25,PCR_later_amplification_error);4:G->T(0.25,PCR_later_amplification_error);6:T->G(0.25,PCR_later_amplification_error);8:G->T(0.25,PCR_later_amplification_error);10:G->C(0.25,PCR_later_amplification_error);11:G->A(0.25,PCR_later_amplification_error);12:C->G(0.25,PCR_later_amplification_error);13:C->A(0.50,PCR_first_amplification_error);15:C->G(0.25,PCR_later_amplification_error);16:G->C(0.25,PCR_later_amplification_error);17:C->T(0.25,PCR_later_amplification_error);19:T->A(0.25,PCR_later_amplification_error);22:C->A(0.25,PCR_later_amplification_error);23:A->C(0.25,PCR_later_amplification_error);24:A->C(0.25,PCR_later_amplification_error);25:C->T(0.25,PCR_later_amplification_error);27:T->C(0.25,PCR_later_amplification_error);28:C->G(0.25,PCR_later_amplification_error);29:C->T(0.25,PCR_later_amplification_error);30:G->C(0.25,PCR_later_amplification_error);31:T->A(0.25,PCR_later_amplification_error);32:C->T(0.25,PCR_later_amplification_error);33:A->G(0.25,PCR_later_amplification_error);36:T->C(0.25,PCR_later_amplification_error);37:T->G(0.50,PCR_first_amplification_error);38:C->G(0.25,PCR_later_amplification_error);41:T->A(0.25,PCR_later_amplification_error);41:T->G(0.25,PCR_later_amplification_error);42:G->C(0.25,PCR_later_amplification_error);42:G->A(0.25,PCR_later_amplification_error);43:A->T(0.25,PCR_later_amplification_error);43:A->C(0.25,PCR_later_amplification_error);44:C->G(0.25,PCR_later_amplification_error);44:C->T(0.25,PCR_later_amplification_error);45:T->C(0.25,PCR_later_amplification_error);45:T->G(0.25,PCR_later_amplification_error);46:G->T(0.25,PCR_later_amplification_error);46:G->C(0.25,PCR_later_amplification_error);47:T->C(0.50,PCR_first_amplification_error);48:T->G(0.25,PCR_later_amplification_error);49:T->G(0.25,PCR_later_amplification_error);50:G->A(0.25,PCR_later_amplification_error);50:G->T(0.25,PCR_later_amplification_error);51:A->G(0.25,PCR_later_amplification_error);51:A->T(0.25,PCR_later_amplification_error);52:A->G(0.50,PCR_first_amplification_error);53:T->A(0.25,PCR_later_amplification_error);53:T->G(0.25,PCR_later_amplification_error);54:T->G(0.25,PCR_later_amplification_error);54:T->A(0.25,PCR_later_amplification_error);55:G->T(0.25,PCR_later_amplification_error);56:G->C(0.25,PCR_later_amplification_error);57:G->C(0.33,PCR_later_amplification_error);58:C->A(0.33,PCR_later_amplification_error);59:T->A(0.33,PCR_later_amplification_error);59:T->C(0.33,PCR_later_amplification_error);60:G->T(0.33,PCR_later_amplification_error);60:G->A(0.33,PCR_later_amplification_error);61:G->T(0.33,PCR_later_amplification_error);62:G->C(0.33,PCR_later_amplification_error);63:G->C(0.33,PCR_later_amplification_error);64:C->G(0.33,PCR_later_amplification_error);66:G->C(0.50,PCR_first_amplification_error);67:A->G(0.50,PCR_first_amplification_error);68:C->G(0.50,PCR_first_amplification_error);69:G->A(0.50,PCR_first_amplification_error),family_specific,0.714,0,8,62
TP53,chr17,7675075,GTAGCTTG,AAGCTG,7675075,2,2,TGGTGGGGGCAGCGCCTCACAACCTCCGTCATGTGCTGTGACTGCTTGTAGATGGCCATGGCGCGACGCGGGTGCCGGG,None,family_specific,1.000,0,0,0
TP53,chr17,7675075,GCCCTCGG,CCTGAG,7675075,4,4,CAGTGGTGGGGGCAGCGCCTCACAACCTACGTCATGTGCTGTGACTGCTTGTAGAAGGCCATGGCGCGGACGCGGGTGCCGGGCGGGGGTGT,2:G->C(0.50,PCR_first_amplification_error);28:A->C(0.50,PCR_first_amplification_error);55:A->T(0.50,PCR_first_amplification_error);61:T->A(0.50,PCR_first_amplification_error);62:G->T(0.50,PCR_first_amplification_error);64:C->G(0.50,PCR_first_amplification_error);65:G->C(0.50,PCR_first_amplification_error);66:C->G(0.50,PCR_first_amplification_error);67:G->C(0.50,PCR_first_amplification_error);69:A->G(0.50,PCR_first_amplification_error);70:C->A(0.50,PCR_first_amplification_error);71:G->C(0.50,PCR_first_amplification_error);72:C->G(0.50,PCR_first_amplification_error);73:G->C(0.50,PCR_first_amplification_error);76:T->G(0.50,PCR_first_amplification_error);77:G->T(0.50,PCR_first_amplification_error);78:C->G(0.50,PCR_first_amplification_error);80:G->C(0.50,PCR_first_amplification_error),family_specific,0.902,0,18,0
TP53,chr17,7675076,GCCCTCGG,CCTGAG,7675076,6,6,CAGGTGGGGGCAGCGCCTCACAACCTCCGTCATGTGCTGTGACTGCTTGTAGATGGCCATGG,0:C->A(0.33,PCR_later_amplification_error);2:G->T(0.33,PCR_later_amplification_error);4:T->G(0.33,PCR_later_amplification_error);6:G->T(0.33,PCR_later_amplification_error);10:C->G(0.33,PCR_later_amplification_error);11:A->G(0.33,PCR_later_amplification_error);12:G->C(0.33,PCR_later_amplification_error);13:C->A(0.33,PCR_later_amplification_error);16:C->G(0.33,PCR_later_amplification_error);17:T->C(0.33,PCR_later_amplification_error);19:A->T(0.33,PCR_later_amplification_error);22:A->C(0.33,PCR_later_amplification_error);23:C->A(0.33,PCR_later_amplification_error);24:C->A(0.33,PCR_later_amplification_error);25:T->C(0.33,PCR_later_amplification_error);27:C->T(0.33,PCR_later_amplification_error);28:G->C(0.33,PCR_later_amplification_error);29:T->C(0.33,PCR_later_amplification_error);30:C->G(0.33,PCR_later_amplification_error);31:A->T(0.33,PCR_later_amplification_error);32:T->C(0.33,PCR_later_amplification_error);33:G->A(0.33,PCR_later_amplification_error);36:C->T(0.33,PCR_later_amplification_error);37:T->G(0.33,PCR_later_amplification_error);38:G->C(0.33,PCR_later_amplification_error);41:A->T(0.33,PCR_later_amplification_error);42:C->G(0.33,PCR_later_amplification_error);44:G->C(0.33,PCR_later_amplification_error);45:C->T(0.33,PCR_later_amplification_error);46:T->G(0.33,PCR_later_amplification_error);47:T->C(0.33,PCR_later_amplification_error);48:G->T(0.33,PCR_later_amplification_error);50:A->G(0.33,PCR_later_amplification_error);51:G->T(0.33,PCR_later_amplification_error);53:T->G(0.33,PCR_later_amplification_error);54:G->A(0.33,PCR_later_amplification_error);55:G->T(0.33,PCR_later_amplification_error);56:C->G(0.33,PCR_later_amplification_error);57:C->G(0.33,PCR_later_amplification_error);58:A->C(0.33,PCR_later_amplification_error);59:T->C(0.33,PCR_later_amplification_error);60:G->A(0.33,PCR_later_amplification_error);61:G->T(0.33,PCR_later_amplification_error),family_specific,0.769,0,0,43
TP53,chr17,7675077,GTAGCTTG,GCCGGA,7675077,2,2,GTGGGGGCAGCGCCTCACAACCTCCGTCATGTGCTGTGACTGCTTGTAGATGGCCATG,None,family_specific,1.000,0,0,0
TP53,chr17,7675077,TAGTCTTG,TAAACG,7675077,4,4,GTGGGGGCAGCGCATCACAACCTCCGTCCTGTGCTGTGACTGCTTGTAGATGGCCATGGCGCGGAC,13:A->C(0.50,PCR_first_amplification_error);28:C->A(0.50,PCR_first_amplification_error);42:C->T(0.50,PCR_first_amplification_error);44:T->G(0.50,PCR_first_amplification_error);45:G->T(0.50,PCR_first_amplification_error);46:T->A(0.50,PCR_first_amplification_error);47:A->G(0.50,PCR_first_amplification_error);48:G->A(0.50,PCR_first_amplification_error);49:A->T(0.50,PCR_first_amplification_error);50:T->G(0.50,PCR_first_amplification_error);52:G->C(0.50,PCR_first_amplification_error);54:C->A(0.50,PCR_first_amplification_error);55:A->T(0.50,PCR_first_amplification_error);56:T->G(0.50,PCR_first_amplification_error);57:G->C(0.50,PCR_first_amplification_error);61:C->G(0.50,PCR_first_amplification_error);62:G->A(0.50,PCR_first_amplification_error);63:G->C(0.50,PCR_first_amplification_error),family_specific,0.864,0,18,0
TP53,chr17,7675078,GAGATGGG,CCGTTT,7675078,2,2,TGGGGGCAGCGCCTCACAACCTCCGTCATGTGCTGTGACGGCTTGTAGATGGCCATGGCGCGGACGCGGG,None,family_specific,1.000,0,0,0
TP53,chr17,7675078,TAGTCTTG,CGAGCC,7675078,2,2,TGGGGGCAGCGCCTCACAAGCTCCGTCATGTGCTGTGACTGGTTGTAGATGGCCATGGCGCGGACGCG,None,family_specific,1.000,0,0,0
TP53,chr17,7675078,GAGATGGG,CATTCA,7675078,2,2,TGGGGGCAGCGCCTCACAACCTCCGTCATGTGCTGTGACTGCTTGTAGGTGGCCATGGCGCGGACGCGGGTGCCGGGCGGG,None,family_specific,1.000,0,0,0
TP53,chr17,7675079,TAGTCTTG,TGAGGC,7675079,2,2,GGGGGCAGCGCCTCACAACCTCCGGCATGTGCGTGACTGCTTGTAGATGACCATGGCGCGGACGCGGGTGCCGGGCGGGGG,None,family_specific,1.000,0,0,0
TP53,chr17,7675079,GTGAATCG,CCCAAG,7675079,2,2,GGGGGCAGCGCCTCACAACCTCCGTCATGTGCTGTGACTGCTTGTAGGTGGCCATGGCGCGGAGGCGGGTGCCGGGCGGGGGTGTGGAATCAACCCACA,None,family_specific,1.000,0,0,0
TP53,chr17,7675079,GCCCTCGG,CCTGAG,7675079,2,2,CACTGGTAGGGGGCAGCGCCTCACAACCTCCGTCATGTGTGTGACTGCTTGTAGATGGCCATG,None,family_specific,1.000,0,0,0
TP53,chr17,7675080,TAGTCTTG,CGCACA,7675080,2,2,GGGCCAGCGCCTCACAACCTCGGTCATGTGCTGTGACTGCTTGTAGATGGCCATGGCGCGGACGCGGGTGCCGGGC,None,family_specific,1.000,0,0,0
TP53,chr17,7675080,GCCCTCGG,CCTGAG,7675080,4,4,AATGGTGGGGCAGCGCCTCACAACCTCCGTCATGTGCTGTGACTCTTGTA,0:A->C(0.50,PCR_first_amplification_error);4:G->T(0.50,PCR_first_amplification_error);5:T->G(0.50,PCR_first_amplification_error);6:G->T(0.50,PCR_first_amplification_error);10:C->G(0.50,PCR_first_amplification_error);11:A->C(0.50,PCR_first_amplification_error);12:G->A(0.50,PCR_first_amplification_error);13:C->G(0.50,PCR_first_amplification_error);14:G->C(0.50,PCR_first_amplification_error);15:C->G(0.50,PCR_first_amplification_error);17:T->C(0.50,PCR_first_amplification_error);18:C->T(0.50,PCR_first_amplification_error);19:A->C(0.50,PCR_first_amplification_error);20:C->A(0.50,PCR_first_amplification_error);21:A->C(0.50,PCR_first_amplification_error);23:C->A(0.50,PCR_first_amplification_error);25:T->C(0.50,PCR_first_amplification_error);26:C->T(0.50,PCR_first_amplification_error);28:G->C(0.50,PCR_first_amplification_error);29:T->G(0.50,PCR_first_amplification_error);30:C->T(0.50,PCR_first_amplification_error);31:A->C(0.50,PCR_first_amplification_error);32:T->A(0.50,PCR_first_amplification_error);33:G->T(0.50,PCR_first_amplification_error);34:T->G(0.50,PCR_first_amplification_error);35:G->T(0.50,PCR_first_amplification_error);36:C->G(0.50,PCR_first_amplification_error);37:T->C(0.50,PCR_first_amplification_error);38:G->T(0.50,PCR_first_amplification_error);39:T->G(0.50,PCR_first_amplification_error);40:G->T(0.50,PCR_first_amplification_error);41:A->G(0.50,PCR_first_amplification_error);42:C->A(0.50,PCR_first_amplification_error);43:T->C(0.50,PCR_first_amplification_error);44:C->T(0.50,PCR_first_amplification_error);45:T->G(0.50,PCR_first_amplification_error);46:T->C(0.50,PCR_first_amplification_error);49:A->T(0.50,PCR_first_amplification_error),family_specific,0.620,0,38,0
TP53,chr17,7675081,GTAGCTTG,TCGGAT,7675081,2,2,GGGCAGCGCCTCACAACCTCCGTCATGTGCTGTGACTGCTTGTAGATGGC,None,family_specific,1.000,0,0,0
TP53,chr17,7675082,GCCCTCGG,CAGGCA,7675082,2,2,GGCAGCTCCCACAACCTCCGTCATGTCCTGTGACTGCTTGTAGATGGCCATGGCCGGACGC,None,family_specific,1.000,0,0,0
TP53,chr17,7675082,GCCCTCGG,AGTGGG,7675082,2,2,GGCAGCGCCTCACAACCTCCGTCATGTGCTGTGACTGCTTGTAGATGGCCATGGCGCGGAC,None,family_specific,1.000,0,0,0
TP53,chr17,7675083,GTAGCTTG,TCAAAG,7675083,2,2,GCAGCGCCTCACAACCTCCGTTATGGGCTTTGACTGCCTGTAGATGGCCATGGCGCGGACGCGGGTGCCGGGCGGGGGTGTGGAATC,None,family_specific,1.000,0,0,0
TP53,chr17,7675083,TAGTCTTG,CGGACT,7675083,2,2,GCAGCGCCTCACAACCTCCGTCATGTGCTGTGACTGCTTGTAGATGGCCATGGCGCGGACGCGGGTGCCGCGCGGGGGT,None,family_specific,1.000,0,0,0
TP53,chr17,7675083,GCCCTCGG,CGGGTT,7675083,2,2,GCAGCGCCTCACAACCTCCGTCATGTGCTGTAACTGCTTGTAGATGGCCATGGCGCGGACGCGGGTGCCGGGCGGGGGTGTGGA,None,family_specific,1.000,0,0,0
TP53,chr17,7675083,GTAGCTTG,GATATC,7675083,4,4,GCAGCGCCTCACAACCTCCGTCATGTGCTGTGACTGCTTGTAGATGGCCATGGGGCGGACGCGGGTGCCGGCGGGGGTGTGGAATCAACCC,53:G->C(0.50,PCR_first_amplification_error);65:T->A(0.50,PCR_first_amplification_error);71:C->G(0.50,PCR_first_amplification_error);72:G->C(0.50,PCR_first_amplification_error);77:T->G(0.50,PCR_first_amplification_error);78:G->T(0.50,PCR_first_amplification_error);79:T->G(0.50,PCR_first_amplification_error);80:G->T(0.50,PCR_first_amplification_error);82:A->G(0.50,PCR_first_amplification_error);83:A->G(0.50,PCR_first_amplification_error);84:T->A(0.50,PCR_first_amplification_error);85:C->T(0.50,PCR_first_amplification_error);86:A->C(0.50,PCR_first_amplification_error);88:C->A(0.50,PCR_first_amplification_error),family_specific,0.923,0,14,0
TP53,chr17,7675083,GCCCTCGG,CCTTTT,7675083,2,2,GCAGCGCCTCACAACCTCCGTCATGTGCTGTGACTGCTTGTAGATGGCCATGGCGCGGACGCGGGTGCCGGGC,None,family_specific,1.000,0,0,0
TP53,chr17,7675083,GAGATGGG,AGTACG,7675083,2,2,GCAGCGCCTCACAACCTCCGTCATGTGCTGTGACTGCTTGTAGATGGCCATGGCGCGGACGCGGGTGCCGGGCGGGGTGTGGA,None,family_specific,1.000,0,0,0
TP53,chr17,7675084,GCCCTCGG,CGGCGG,7675084,14,14,CAGCGCCTCACAACCTCCGTCATGTGCTGTGACTGCTTGTAGATGGCCATGGCGCGGACGCGGGTGCCG,13:C->G(0.14,PCR_later_amplification_error);14:C->T(0.14,PCR_later_amplification_error);19:T->A(0.14,PCR_later_amplification_error);20:C->A(0.14,PCR_later_amplification_error);27:T->G(0.14,PCR_later_amplification_error);28:G->T(0.14,PCR_later_amplification_error);29:T->G(0.14,PCR_later_amplification_error);30:G->A(0.14,PCR_later_amplification_error);31:A->C(0.14,PCR_later_amplification_error);32:C->T(0.14,PCR_later_amplification_error);33:T->G(0.14,PCR_later_amplification_error);34:G->C(0.14,PCR_later_amplification_error);35:C->G(0.14,PCR_later_amplification_error);44:G->C(0.14,PCR_later_amplification_error);49:T->G(0.14,PCR_later_amplification_error);51:G->C(0.14,PCR_later_amplification_error);52:C->G(0.14,PCR_later_amplification_error);53:G->C(0.14,PCR_later_amplification_error);54:C->G(0.14,PCR_later_amplification_error);56:G->A(0.14,PCR_later_amplification_error);57:A->C(0.14,PCR_later_amplification_error);58:C->G(0.14,PCR_later_amplification_error);59:G->C(0.17,PCR_later_amplification_error);60:C->G(0.17,PCR_later_amplification_error);63:G->T(0.40,PCR_later_amplification_error);64:T->G(0.40,PCR_later_amplification_error);65:G->C(0.40,PCR_later_amplification_error);67:C->G(0.40,PCR_later_amplification_error),family_specific,0.926,0,0,28
TP53,chr17,7675084,GAGATGGG,TCGCGC,7675084,2,2,CAGCGCCTCACAACCTCCGTCATGTGCTGTGACTGCTTGTAGATGGCCATGGCGCGGACGCGGGTGCCGGGCGGGGGTG,None,family_specific,1.000,0,0,0
TP53,chr17,80076620,GCCCTCGG,CCTGAG,80076620,2,2,CATGGTGGGGGCAAGCGCCTCACAACTTCCGTCATGTGACTGTGACTGCTCGTAGATGGCCATGGCGC,None,family_specific,1.000,0,0,0
